{"x": 95.3766706882885, "y": 971.9982047234346, "width": 762.6308440916546, "height": 107.2182822151142}